{"cameraMode":{"drawMode":0,"name":"Shaded","section":"Shading Mode"},"sceneLighting":true,"audioPlay":false,"sceneViewState":{"showFog":true,"showMaterialUpdate":true,"showSkybox":true,"showFlares":true,"showImageEffects":true,"showParticleSystems":true},"in2DMode":false,"pivot":{"x":2.6469907760620119,"y":1.6220216751098633,"z":-4.148744583129883},"rotation":{"x":-0.024884384125471116,"y":0.9337669014930725,"z":-0.06623829901218414,"w":-0.35081717371940615},"size":3.296510934829712,"orthographic":false}